NVDA_US_EQ,0.03673888988693524
AMZN_US_EQ,0.03593595806790172
MSFT_US_EQ,0.0343629432161872
PWR_US_EQ,0.03283877938297954
AAPL_US_EQ,0.029263039313756595
V_US_EQ,0.028093666596512735
GOOGL_US_EQ,0.016045574364555
APP_US_EQ,0.015945995966504273
DY_US_EQ,0.013573815593051599
DIS_US_EQ,0.011089907515792936
AVGO_US_EQ,0.010897330887193376
NFLX_US_EQ,0.010497447233218188
GE_US_EQ,0.0104292519261274
NTNX_US_EQ,0.010425984057874916
MA_US_EQ,0.010069018871222848
CRM_US_EQ,0.00989918598910935
MELI_US_EQ,0.009626796935339408
SGRY_US_EQ,0.008950014786084756
MCO_US_EQ,0.007961987228636173
AZO_US_EQ,0.007615714951909357
PLTR_US_EQ,0.007547424797053196
RBLX_US_EQ,0.007435273322829423
FICO_US_EQ,0.007178372354911999
LLY_US_EQ,0.006780289637482649
GOOG_US_EQ,0.00660179164326295
FI_US_EQ,0.006305683702946834
WAY_US_EQ,0.006152480411735877
ISRG_US_EQ,0.006112642698612538
CLS_US_EQ,0.005950748034129204
NOW_US_EQ,0.0056472276969840645
ORLY_US_EQ,0.005595975827670443
UNH_US_EQ,0.0053289939621766185
DUOL_US_EQ,0.005231752736172796
NWSA_US_EQ,0.005211771515385709
PGR_US_EQ,0.005181789025287292
KMTS_US_EQ,0.005079663234490687
SPGI_US_EQ,0.005066289204768628
ROST_US_EQ,0.005008795482120098
AXP_US_EQ,0.004936658968925444
LRCX_US_EQ,0.00468200042162977
OKTA_US_EQ,0.004484838273318237
IDCC_US_EQ,0.004431929639203892
PEGA_US_EQ,0.004193980227492543
NU_US_EQ,0.0041395682616335435
TSM_US_EQ,0.004118872539373798
COST_US_EQ,0.004059552267956318
TSEM_US_EQ,0.004057037500898865
TSLA_US_EQ,0.004014346780000038
JPM_US_EQ,0.0037218874927156496
CWAN_US_EQ,0.0036065976993666774
PANW_US_EQ,0.003580127704032982
DASH_US_EQ,0.0035253900407697745
ABECd_EQ,0.0034349512621595826
ORCL_US_EQ,0.003433927217366287
FLEX_US_EQ,0.003375935416634156
MU_US_EQ,0.0033435865757208824
CMI_US_EQ,0.003334648780238107
ESTC_US_EQ,0.003286497558973371
VRTX_US_EQ,0.0032682590174051137
DPZ_US_EQ,0.0032329462724025493
AON_US_EQ,0.0032124565786366124
SHOP_US_EQ,0.0031964261675324758
SPOT_US_EQ,0.003122908380311698
WIX_US_EQ,0.003084796012434602
QRVO_US_EQ,0.003080423265939187
UBER_US_EQ,0.0029901672814585663
GEV_US_EQ,0.0029724419800714165
CMG_US_EQ,0.0029520033603094684
FN_US_EQ,0.002944331529957409
SAP_US_EQ,0.0029137898791117656
GS_US_EQ,0.002867311033845614
BAC_US_EQ,0.0028123886981778635
ACGL_US_EQ,0.002765315800249653
CVNA_US_EQ,0.0026788310764182814
GWRE_US_EQ,0.0026624354659191083
ABBV_US_EQ,0.002659521016738758
EXPD_US_EQ,0.0025393042422146446
BA_US_EQ,0.0024500054268433696
CMCSA_US_EQ,0.002442951166514533
WFC_US_EQ,0.002424360545219589
MRVL_US_EQ,0.0023269097645330994
XOM_US_EQ,0.002281464138724528
TJX_US_EQ,0.0022759885986032217
LPLA_US_EQ,0.002213759273037077
EFX_US_EQ,0.0022020975105056253
AMD_US_EQ,0.002171794670975651
NKE_US_EQ,0.0021613479323225934
ICE_US_EQ,0.002142437402470327
PDD_US_EQ,0.002138974552468729
LNG_US_EQ,0.0020613646916030457
LLYVK_US_EQ,0.002030555123461221
HD_US_EQ,0.0020267210259615823
VRT_US_EQ,0.001989586661690475
SBUX_US_EQ,0.001988457179677537
CRWD_US_EQ,0.001950695442282174
CNI_US_EQ,0.0019192541776714698
UNP_US_EQ,0.0018935869635665794
CDNS_US_EQ,0.0018861741755526488
NVR_US_EQ,0.0018292081119863424
TMUS_US_EQ,0.001800167181840458
CSGP_US_EQ,0.001726196358377564
CART_US_EQ,0.0017011880560383861
LIN_US_EQ,0.0016718640753308072
FAST_US_EQ,0.001660993345398052
MNDY_US_EQ,0.0016541757617102024
VEEV_US_EQ,0.0016022860451498143
SMTC_US_EQ,0.0015912101955076075
STRA_US_EQ,0.0015104207877443471
ASND_US_EQ,0.0015023086049389804
ADBE_US_EQ,0.0014994647869932146
EXPE_US_EQ,0.0014888317567184253
ABT_US_EQ,0.0014818277057996026
KVYO_US_EQ,0.0014756176251898856
BABA_US_EQ,0.0014544260521432745
AIG_US_EQ,0.0014371852193364087
SNPS_US_EQ,0.0014056808806183387
TEAM_US_EQ,0.001400010200845955
FWONK_US_EQ,0.0013887059127280852
DAL_US_EQ,0.0013707560039368076
WMT_US_EQ,0.001353409995063767
WDAY_US_EQ,0.0013517704653380107
HUBS_US_EQ,0.0013471137962526951
NET_US_EQ,0.0012960686412233973
C_US_EQ,0.001292215556931409
MSCI_US_EQ,0.0012854645019255361
CEG_US_EQ,0.001278397004869815
CPNG_US_EQ,0.0012766073206856511
CSCO_US_EQ,0.0012664894806607562
GEHC_US_EQ,0.0012496938545293968
KO_US_EQ,0.0012494940136093828
TL0d_EQ,0.0012473989843225675
DDOG_US_EQ,0.0012380936671139424
IBM_US_EQ,0.001238052460640231
HON_US_EQ,0.001232318408813638
PI_US_EQ,0.0012236423816944526
TOST_US_EQ,0.0012100580018463989
BSX_US_EQ,0.001198895402099671
ATMU_US_EQ,0.0011775701610213535
DT_US_EQ,0.0011725563724037868
TDG_US_EQ,0.0011554483202068308
TXN_US_EQ,0.0011369630836011448
RACE_US_EQ,0.0011318811669131883
VST_US_EQ,0.0011259580516928178
PINS_US_EQ,0.0011044783101701648
SIG_US_EQ,0.0010913612630176863
TMO_US_EQ,0.001089447396411977
NVO_US_EQ,0.0010817533144156222
LEN_US_EQ,0.0010737512404070356
KKR_US_EQ,0.0010636029575580071
ARM_US_EQ,0.0010555243546636122
LULU_US_EQ,0.0010547732180235124
QCOM_US_EQ,0.0010342244396134618
MDB_US_EQ,0.001032011370643472
CF_US_EQ,0.0010274773413251935
TTD_US_EQ,0.001027033237587376
CB_US_EQ,0.0009897097903504163
LYV_US_EQ,0.0009837375226358321
PFGC_US_EQ,0.0009751354151311603
ADSK_US_EQ,0.000956746310358277
SYK_US_EQ,0.0009493094482344504
EVR_US_EQ,0.0009448496511902594
TKO_CA_EQ,0.0009346164366634619
ABG_US_EQ,0.0009159496349227269
ZM_US_EQ,0.000909564158527795
MNST_US_EQ,0.0009092510195249138
REGN_US_EQ,0.0009080092838316905
JAMF_US_EQ,0.0008972690801086383
INTU_US_EQ,0.0008780508963116604
ULTA_US_EQ,0.0008750784133492935
LPX_US_EQ,0.0008724206212533443
SHW_US_EQ,0.0008640288759819473
ALNY_US_EQ,0.0008536007349738413
BE_US_EQ,0.0008529325738748882
CTAS_US_EQ,0.0008515348178677379
COF_US_EQ,0.0008485446590832856
MCK_US_EQ,0.000848325706971696
AMGN_US_EQ,0.0008457581928966723
ECL_US_EQ,0.0008414717009331136
JNJ_US_EQ,0.0008413584014426734
COP_US_EQ,0.0008245925107232836
AJG_US_EQ,0.0008192945893464182
KMI_US_EQ,0.0007975517628593584
PEP_US_EQ,0.0007866976938716624
IOT_US_EQ,0.000783342501869316
WMB_US_EQ,0.0007824325868999511
PG_US_EQ,0.0007779102751845195
ASML_US_EQ,0.0007712555020089512
CVX_US_EQ,0.0007645266277057968
GILD_US_EQ,0.0007569553189746819
AN_US_EQ,0.0007478380124019229
NATL_US_EQ,0.0007363243238324413
DHR_US_EQ,0.0007165770326249919
FISV_US_EQ,0.000715654415698538
PYPL_US_EQ,0.0007149309724503338
LBTYA_US_EQ,0.0007136002347666683
LHX_US_EQ,0.0007084439513012301
RRR_US_EQ,0.000704371946775475
ANET_US_EQ,0.000704312254583264
TW_US_EQ,0.0006947618740134168
SCHW_US_EQ,0.0006856809111932594
GTLB_US_EQ,0.0006824763178973502
AMAT_US_EQ,0.0006755074373000418
BRBR_US_EQ,0.0006722334652216311
KLAC_US_EQ,0.0006710728314990674
S_US_EQ,0.0006696541588615252
WELL_CA_EQ,0.0006669606372307406
TXRH_US_EQ,0.0006650680065059854
DXCM_US_EQ,0.0006646712889824121
CL_US_EQ,0.0006552492118610592
URI_US_EQ,0.0006456052247499948
HDB_US_EQ,0.0006449143954211999
HLT_US_EQ,0.0006277109652635641
ABNB_US_EQ,0.0006249941493716397
IBP_US_EQ,0.0006196142633594761
RKT_US_EQ,0.0006182856317595821
FER_US_EQ,0.0006163280049328349
ILMN_US_EQ,0.0006147040001111708
FIX_US_EQ,0.0006064301536282588
BMY_US_EQ,0.0005924405191164137
MRK_US_EQ,0.0005802968839230194
NEE_US_EQ,0.0005782555118229135
ALL_US_EQ,0.000575072496608638
DE_US_EQ,0.000549565529159067
VIG_US_EQ,0.0005492491771762403
SNOW_US_EQ,0.0005468270103573747
MMM_US_EQ,0.0005449245356676156
IQV_US_EQ,0.0005264723535679047
MGRC_US_EQ,0.000526256760623091
MCD_US_EQ,0.0005191132682915049
MMC_US_EQ,0.0005170107039057498
NDAQ_US_EQ,0.0005160895390180132
FRC_US_EQ,0.0005147969750290176
WM_US_EQ,0.000514385694036896
AZN_US_EQ,0.0005069130628930947
MDT_US_EQ,0.0005034773698267195
CCL_US_EQ,0.0005022323407868817
BLK_US_EQ,0.0005016807809526343
FTNT_US_EQ,0.000501188879573288
YUM_US_EQ,0.0005005538422439989
BWXT_US_EQ,0.0004998983303684587
IVV_EQ,0.0004984977314372594
ROK_US_EQ,0.0004971323578547953
GPK_US_EQ,0.0004891869014464282
ETR_US_EQ,0.00048792753716845146
SFM_US_EQ,0.0004836026305755436
NVS_US_EQ,0.00047884544383129495
TRV_US_EQ,0.0004746798282840007
EQT_US_EQ,0.00047125604974608554
TRGP_US_EQ,0.0004686125595462983
VRSK_US_EQ,0.0004638159093626515
T_US_EQ,0.0004626752033137533
VZ_US_EQ,0.0004625492848455241
SAIA_US_EQ,0.0004564762670017356
TT_US_EQ,0.0004437738767049936
TTWO_US_EQ,0.00044031502834261074
COMP_US_EQ,0.0004349029076779612
HOOD_US_EQ,0.00043266983696499357
EXLS_US_EQ,0.00043067395870572057
THC_US_EQ,0.0004305255851460526
FRSH_US_EQ,0.0004289328669638907
LEGN_US_EQ,0.0004207664200029881
FDS_US_EQ,0.0004175095056145565
UTHR_US_EQ,0.00041585696433715775
DRS_US_EQ,0.0004127287481591299
MPWR_US_EQ,0.00041015473896744824
WK_US_EQ,0.00040689287768701986
ADI_US_EQ,0.0003980875558550489
VRSN_US_EQ,0.00039808639895293733
FANG_US_EQ,0.00039246326434358057
SN_US_EQ,0.00039127024695621924
FTAI_US_EQ,0.00037776819802874987
CRL_US_EQ,0.000377161999042052
CHKP_US_EQ,0.00037674181803394656
NTRA_US_EQ,0.0003757767963173121
MS_US_EQ,0.0003748868773412581
PODD_US_EQ,0.00037178486691434245
CAT_US_EQ,0.00037060230456370676
WEC_US_EQ,0.00036986428963044866
SEIC_US_EQ,0.0003689468919374242
CRS_US_EQ,0.00036684302774264975
NEM_US_EQ,0.00036390804692525787
DKS_US_EQ,0.0003637726679191102
INSM_US_EQ,0.00035802231585927254
LTH_US_EQ,0.0003575572715942281
LNTH_US_EQ,0.0003557572264710004
CVLT_US_EQ,0.00035329507199213984
ONC_CA_EQ,0.0003523255623670028
HPE_US_EQ,0.0003438049268028689
ITRI_US_EQ,0.0003426329230144379
EAT_US_EQ,0.00034182093133498554
ZTS_US_EQ,0.0003339537439262085
KVUE_US_EQ,0.00033354601177679985
PBR_US_EQ,0.0003318159760884673
ACN_US_EQ,0.0003251634237254593
MPC_US_EQ,0.00032511439305471203
QQQ_EQ,0.00032272568122007655
EXEL_US_EQ,0.00032135114391235517
OPCH_US_EQ,0.0003213183902174031
OLLI_US_EQ,0.0003190619762208115
PM_US_EQ,0.00031395207616129704
ARES_US_EQ,0.0003101784125639395
SHLS_US_EQ,0.00031010166369391034
DUK_US_EQ,0.0003077368743105178
VNQ_EQ,0.0003056264357406087
MRNA_US_EQ,0.0002977632019979014
LDOS_US_EQ,0.0002961079736632946
RCL_US_EQ,0.0002954242588863814
APH_US_EQ,0.00029541534234562786
CPRT_US_EQ,0.0002929756091412512
HAL_US_EQ,0.0002922607432947199
ETN_US_EQ,0.0002906814002783817
AME_US_EQ,0.0002904137646705877
EQIX_US_EQ,0.0002893674166061484
GTLS_US_EQ,0.00028767468978490793
NBIX_US_EQ,0.0002863429691434362
KD_US_EQ,0.0002856284361363441
ROP_US_EQ,0.0002841242199443505
AEE_US_EQ,0.0002839463890936282
MDLZ_US_EQ,0.00028241826177720017
EOG_US_EQ,0.0002822939809095556
TGTX_US_EQ,0.0002822801313546456
PLAY_US_EQ,0.0002815400386926131
ARRY_US_EQ,0.00028069356526327574
ALSN_US_EQ,0.00027990223360111665
VICI_US_EQ,0.00027854576643099923
ADP_US_EQ,0.0002708188727361894
BNTX_US_EQ,0.000270101330308868
ENPH_US_EQ,0.00026972868911211346
INTC_US_EQ,0.0002637397498769924
NUE_US_EQ,0.0002630414567385471
FNV_US_EQ,0.0002625993326952282
FROG_US_EQ,0.00026252175242140187
TAP_US_EQ,0.00026075370037802463
PH_US_EQ,0.0002601967570582864
MLM_US_EQ,0.0002562771446539204
CTRA_US_EQ,0.00025599172802744015
VTI_EQ,0.00025590879969842115
ROKU_US_EQ,0.00025321618524870197
WSO_US_EQ,0.0002529602568977603
GKOS_US_EQ,0.00025288155985549144
CYBR_US_EQ,0.0002455135737910262
PLD_US_EQ,0.0002405064366959282
PCOR_US_EQ,0.00024019551207704642
IP_US_EQ,0.00023359673157712405
RDDT_US_EQ,0.00023217239705745527
PSTG_US_EQ,0.00022961306225042295
WCN_US_EQ,0.00022671903605109986
DOCU_US_EQ,0.0002265680779920191
CPT_US_EQ,0.00022439744398914963
DSGX_US_EQ,0.00022354711232637552
AMCR_US_EQ,0.0002224067760477587
MET_US_EQ,0.00022160462634023125
CME_US_EQ,0.0002212269948564926
SO_US_EQ,0.00021846505570677935
CBOE_US_EQ,0.0002164259270510184
RIVN_US_EQ,0.0002154644035161842
ITT_US_EQ,0.00021122496268365651
DD_US_EQ,0.00020887955670987596
CDRe_EQ,0.00020801432061044896
LOW_US_EQ,0.00020790722674179034
MASI_US_EQ,0.00020780128809642356
COR_PT_EQ,0.00020749996701952008
RYAAY_US_EQ,0.00020590962020109097
CAVA_US_EQ,0.00020530806886592936
TECK_US_EQ,0.00020374742845652812
MKL_US_EQ,0.00020238305331900944
MTSI_US_EQ,0.00020152084233562964
CSX_US_EQ,0.00020082032217534293
AEP_US_EQ,0.00019897510237036015
FOUR_US_EQ,0.0001985164515862494
BMI_US_EQ,0.0001979251409504508
FCX_US_EQ,0.00019780787902404072
KNSL_US_EQ,0.00019762095486932767
DOCS_US_EQ,0.0001967975537003738
APO_US_EQ,0.00019667415829721212
MAR_US_EQ,0.0001955576838350331
ELF_CA_EQ,0.00019388786668359662
PFE_US_EQ,0.0001932313909615837
WSC_US_EQ,0.00019229188916426138
UAL_US_EQ,0.00018912725912517952
NYT_US_EQ,0.0001861252024780482
PRI_US_EQ,0.0001817201732315389
BJ_US_EQ,0.00017638228094781725
COIN_US_EQ,0.00017543430071595073
AVY_US_EQ,0.0001753616764360678
LMT_US_EQ,0.0001746538746923057
KSPI_US_EQ,0.00017412007732005633
YUMC,0.00017333178109540863
EXC_US_EQ,0.00017281348767375507
GD_US_EQ,0.00017257579873884
PCVX_US_EQ,0.00017093964938298496
GLOB_US_EQ,0.00017068665531108046
NXPI_US_EQ,0.0001703677722316516
HLI_US_EQ,0.00016704947234804117
ON_US_EQ,0.00016634275276378527
CWH_US_EQ,0.00016504642649624952
XEL_US_EQ,0.0001643356973865406
PRCT_US_EQ,0.00016384157142183413
RYAN_US_EQ,0.0001636731915651081
EW_US_EQ,0.00016257110257390155
GNRC_US_EQ,0.00016254196577803666
SLNO_US_EQ,0.00016120728019935795
RPRX_US_EQ,0.0001597533626185336
TWLO_US_EQ,0.00015876457656119068
AGI_US_EQ,0.00015719818177087295
RBC_US_EQ,0.00015597934350281025
TYL_US_EQ,0.00015417436071863997
CAH_US_EQ,0.0001526044780560431
IEX_US_EQ,0.00015221989928500387
ALKS_US_EQ,0.00015218983489556742
CVS_US_EQ,0.0001521541119919165
SCI_US_EQ,0.000151919500672023
PAYX_US_EQ,0.0001507492487835701
DBX_US_EQ,0.00015058733421840516
BFAM_US_EQ,0.00015045880100151963
RYTM_US_EQ,0.0001504554302928692
NI_US_EQ,0.00014950391772352748
EA_US_EQ,0.00014916524917191377
VMC_US_EQ,0.00014900309820987327
DHI_US_EQ,0.00014676539609925535
PNC_US_EQ,0.0001461302959534274
ICLR_US_EQ,0.00014429402710177804
HLIT_US_EQ,0.0001440748824650406
TRU_US_EQ,0.00014403195438949786
GOLF_US_EQ,0.00014379547837086858
CYTK_US_EQ,0.00014353359492286726
INSP_US_EQ,0.00014328192809814094
JBHT_US_EQ,0.0001429688086319294
ROAD_US_EQ,0.00014247592348718964
PCAR_US_EQ,0.0001413941828915448
STAG_US_EQ,0.00014119533661380716
HALO_US_EQ,0.00013992998380246802
XYL_US_EQ,0.0001397727916244624
CI_US_EQ,0.0001383650866919184
INCY_US_EQ,0.0001383546423940721
IT_US_EQ,0.0001361838031262197
AVNT_CA_EQ,0.00013613394520132086
AMT_US_EQ,0.0001348865656141558
ENTG_US_EQ,0.00013450816074215654
ALKT_US_EQ,0.0001343129351640259
NOC_US_EQ,0.0001343023814790821
BDX_US_EQ,0.00013374958994433553
W_US_EQ,0.00013357674536513924
SQM_US_EQ,0.00013352889955425525
LECO_US_EQ,0.0001321104830163559
BIRK_US_EQ,0.00013167754469970547
F_US_EQ,0.00013097332092476598
WING_US_EQ,0.00013084499715148554
RMBS_US_EQ,0.00013009189971357704
CHX_US_EQ,0.00012974754682782577
ETSY_US_EQ,0.00012969535745390763
WSM_US_EQ,0.0001286542384966013
SMG_US_EQ,0.000128239317083701
TGT_US_EQ,0.00012820885402864567
MTD_US_EQ,0.00012818072767662583
OKE_US_EQ,0.00012784248578167395
GDDY_US_EQ,0.000127571230841515
SHEL_US_EQ,0.00012753901104037505
MSI_US_EQ,0.0001262751011440458
TER_US_EQ,0.00012608780974618933
ODFL_US_EQ,0.00012585768627880307
MKC_US_EQ,0.00012481833949500886
TME_US_EQ,0.00012419646001546675
IRTC_US_EQ,0.00012296329189436428
ED_US_EQ,0.00012283109095352477
BROS_US_EQ,0.00012263720682585227
WMS_US_EQ,0.0001223842232922243
NOG_US_EQ,0.00012202303374114326
ODD_US_EQ,0.0001219357261280916
BIIB_US_EQ,0.00012112441643653733
MO_US_EQ,0.0001208409664396695
ITW_US_EQ,0.00012075565014523655
FLR_US_EQ,0.00012063785516554763
KR_US_EQ,0.00012012844835306573
LI_US_EQ,0.00011942084406617857
D_US_EQ,0.00011940522906059108
CTSH_US_EQ,0.00011887305998544312
FTI_US_EQ,0.00011795197915847073
IBN_US_EQ,0.00011795041279309286
SLB_US_EQ,0.00011728814874013942
GSK_US_EQ,0.00011696232396164756
ANF_US_EQ,0.0001167412333186381
BX_US_EQ,0.00011621316717562841
SNY_US_EQ,0.000116186165515324
CHWY_US_EQ,0.00011386714292776758
BEKE_US_EQ,0.00011343817862018572
KEYS_US_EQ,0.00011298028799819131
VTR_US_EQ,0.00011266950688056667
AEM_US_EQ,0.00011253793912590264
MCHP_US_EQ,0.00011093065209763786
MRUS_US_EQ,0.00011019398080909629
CHTR_US_EQ,0.00011001470718213193
VLTO_US_EQ,0.00010938577904216057
GH_US_EQ,0.00010919261199673933
BAP_US_EQ,0.00010873300305719308
NXT_US_EQ,0.00010739407426620264
DLR_US_EQ,0.00010681302360321069
SLAB_US_EQ,0.00010654792775384813
BRO_US_EQ,0.00010637251370488084
NGG_US_EQ,0.00010582839213424522
WRB_US_EQ,0.00010544935182339214
ONON_US_EQ,0.00010503894346488157
ROL_US_EQ,0.0001040951370369468
EXE_CA_EQ,0.00010341881058833517
HES_US_EQ,0.00010340683103058459
CRDO_US_EQ,0.00010306292554085766
YETI_US_EQ,0.0001028776167819844
CASY_US_EQ,0.00010228034663972684
MWA_US_EQ,0.00010216186626007809
RSG_US_EQ,0.00010193122084846266
MMYT_US_EQ,0.00010139932373850947
XENE_US_EQ,0.00010136915249532634
CRVL_US_EQ,0.00010131946077949785
ITUB_US_EQ,0.00010112253885646517
BMRN_US_EQ,0.00010041270888922483
MUSA_US_EQ,9.986422590618641e-05
AAL_US_EQ,9.981507808936945e-05
JCI_US_EQ,9.901596054641999e-05
COCO_US_EQ,9.883326926818766e-05
BRZE_US_EQ,9.850689392157166e-05
MEDP_US_EQ,9.846596688115043e-05
JAZZ_US_EQ,9.809474490990759e-05
PSA_US_EQ,9.788547927642901e-05
KHC_US_EQ,9.760034963633131e-05
MIDD_US_EQ,9.713970633303323e-05
TDW_US_EQ,9.702016420313152e-05
CTVA_US_EQ,9.682960297688041e-05
O_US_EQ,9.648389292893597e-05
MSTR_US_EQ,9.583176188977016e-05
IBKR_US_EQ,9.561927332546119e-05
EMR_US_EQ,9.538335868871078e-05
PPL_US_EQ,9.531642797245726e-05
KEY_US_EQ,9.454984613571343e-05
CRH_US_EQ,9.377689257533541e-05
BXMT_US_EQ,9.357408797575844e-05
TENB_US_EQ,9.322951377831289e-05
CALM_US_EQ,9.301462822398763e-05
PEG_US_EQ,9.247526614391624e-05
RGA_US_EQ,9.215312466414053e-05
BCS_US_EQ,9.196058337337781e-05
MTDR_US_EQ,9.173175976062954e-05
WPM_US_EQ,9.16032501819694e-05
BK_US_EQ,9.159948941070539e-05
MBLY_US_EQ,9.049354035399479e-05
GLPI_US_EQ,8.947036456647912e-05
NTES_US_EQ,8.94660245432291e-05
ALAB_US_EQ,8.901140551879687e-05
RVMD_US_EQ,8.893992684983921e-05
AMP_US_EQ,8.877966572622755e-05
QTWO_US_EQ,8.797652481959405e-05
TCOM_US_EQ,8.659030928802834e-05
MUFG_US_EQ,8.566717750118342e-05
NWG_US_EQ,8.515727565906145e-05
CMS_US_EQ,8.488601248628174e-05
IDXX_US_EQ,8.487600142614243e-05
BTI_US_EQ,8.426684875353152e-05
CELH_US_EQ,8.406333174480221e-05
OVV_US_EQ,8.384162936380784e-05
CSL_US_EQ,8.372709110454582e-05
CNP_US_EQ,8.356617342386096e-05
PCG_US_EQ,8.297868204866748e-05
MOH_US_EQ,8.295015261894312e-05
AWK_US_EQ,8.238937359702478e-05
CCK_US_EQ,8.234829409802566e-05
SPG_US_EQ,8.188337864562866e-05
WDC_US_EQ,8.151943689168558e-05
EBAY_US_EQ,8.126293251291932e-05
STE_US_EQ,8.118241697252077e-05
SRPT_US_EQ,8.116256061176385e-05
MANH_US_EQ,8.109809263827367e-05
EDU_US_EQ,8.109493486851805e-05
GOLD_US_EQ,8.076084719523667e-05
ONTO_US_EQ,8.052487107971513e-05
AFL_US_EQ,8.031933996848717e-05
SRE_US_EQ,8.010460947794095e-05
TECH_US_EQ,7.975493883699898e-05
TFC_US_EQ,7.974309445624161e-05
STRL_US_EQ,7.791719018253119e-05
JLL_US_EQ,7.713449824040465e-05
GWW_US_EQ,7.712249050137918e-05
ABEV_US_EQ,7.684206063471991e-05
RJF_US_EQ,7.640836315014372e-05
VWO_EQ,7.635385561303198e-05
RELX_US_EQ,7.625081076596308e-05
HRI_US_EQ,7.623888034286901e-05
VLO_US_EQ,7.604327117757351e-05
BLDR_US_EQ,7.603056296291777e-05
VRNS_US_EQ,7.564465259989126e-05
MMSI_US_EQ,7.56383455796356e-05
FIZZ_US_EQ,7.493644028004639e-05
RELY_US_EQ,7.425429109172922e-05
STZ_US_EQ,7.419258339031576e-05
DVN_US_EQ,7.404758509134818e-05
EPAM_US_EQ,7.39141667666771e-05
KMB_US_EQ,7.321774361009559e-05
BIO_US_EQ,7.302886487513019e-05
AFRM_US_EQ,7.28854874304164e-05
APD_US_EQ,7.28427991995727e-05
TDY_US_EQ,7.228778522118534e-05
QSR_US_EQ,7.204833545323618e-05
K_US_EQ,7.165403738020476e-05
ATO_US_EQ,7.144904370096731e-05
LOGI_US_EQ,7.035588805046652e-05
CDW_US_EQ,7.00037954310125e-05
NSC_US_EQ,6.989602121098765e-05
BOOT_US_EQ,6.977749616903678e-05
HLNE_US_EQ,6.967673051018183e-05
MLI_US_EQ,6.955638217131567e-05
FDX_US_EQ,6.954689811093798e-05
FMX_US_EQ,6.950188471960775e-05
HOLX_US_EQ,6.938146476434484e-05
AXSM_US_EQ,6.871843473500985e-05
FFIV_US_EQ,6.855655515626249e-05
EGO_US_EQ,6.841733888397055e-05
VIRT_US_EQ,6.83388084220196e-05
AZEK_US_EQ,6.818527811835526e-05
AR_US_EQ,6.818500455392062e-05
DELL_US_EQ,6.777004664453807e-05
WYNN_US_EQ,6.764013617316821e-05
RPM_US_EQ,6.697946631407708e-05
RDNT_US_EQ,6.672894783361943e-05
USB_US_EQ,6.656266054494802e-05
WBD_US_EQ,6.557476292608799e-05
ANSS_US_EQ,6.507666726565577e-05
GDYN_US_EQ,6.458019462664121e-05
PEN_US_EQ,6.454629869781422e-05
ERJ_US_EQ,6.408984703594711e-05
JD_US_EQ,6.405126687838438e-05
WAT_US_EQ,6.31099315005533e-05
BPMC_US_EQ,6.304187537322854e-05
BC_US_EQ,6.284128035557227e-05
SF_US_EQ,6.275216037947614e-05
RGLD_US_EQ,6.2626298082455e-05
FIS_US_EQ,6.254346473389288e-05
RIO_US_EQ,6.249606435921699e-05
CCI_US_EQ,6.246744250951088e-05
PSX_US_EQ,6.203576901850526e-05
DEO_US_EQ,6.19833793564875e-05
RY_US_EQ,6.18463517609301e-05
PRGO_US_EQ,6.167462138474258e-05
ACM_US_EQ,6.127276604965896e-05
DTE_US_EQ,6.118119132201025e-05
CHT_US_EQ,6.094904685832086e-05
RCKT_US_EQ,6.075397675508923e-05
HCA_US_EQ,6.0016003928700114e-05
LNT_US_EQ,5.970759327088975e-05
VALE_US_EQ,5.9662775542175285e-05
RBA_US_EQ,5.9135766581609546e-05
OTIS_US_EQ,5.8626198936991064e-05
EME_US_EQ,5.8475749598504726e-05
ERIC_US_EQ,5.833993862838465e-05
INTA_US_EQ,5.823016026449909e-05
ENB_US_EQ,5.799466633633612e-05
BBD_US_EQ,5.787422511080313e-05
UPS_US_EQ,5.783525407344013e-05
COKE_US_EQ,5.782015615604749e-05
OXY_US_EQ,5.7704449073887975e-05
SXT_US_EQ,5.733745622046323e-05
ING_US_EQ,5.695281596771161e-05
RS_US_EQ,5.6856321476616295e-05
ZBRA_US_EQ,5.677224804747322e-05
NCLH_US_EQ,5.667324016585576e-05
DLTR_US_EQ,5.65998230779156e-05
TS_US_EQ,5.6447205445904555e-05
TSCO_US_EQ,5.6346934178758586e-05
UNM_US_EQ,5.6100180243822283e-05
FND_US_EQ,5.6053656406935995e-05
LVS_US_EQ,5.574768444202295e-05
WTRG_US_EQ,5.5714164829167746e-05
LAMR_US_EQ,5.5604457571433785e-05
WAL_US_EQ,5.5596604301579115e-05
RXRX_US_EQ,5.545206242801639e-05
FLO_US_EQ,5.516863518994229e-05
WAB_US_EQ,5.50567522293973e-05
MTB_US_EQ,5.4780036211650365e-05
ARGX_US_EQ,5.464133042824499e-05
SITM_US_EQ,5.4584244864255463e-05
ETNB_US_EQ,5.441669602432799e-05
SSNC_US_EQ,5.435610549577724e-05
SYY_US_EQ,5.418607408550379e-05
EVRG_US_EQ,5.4158919976403155e-05
FSV_CA_EQ,5.3852648270037774e-05
INFY_US_EQ,5.3828368838407537e-05
SUPN_US_EQ,5.364977034669035e-05
TSN_US_EQ,5.360035139028788e-05
CNK_US_EQ,5.3580036718978896e-05
FNF_US_EQ,5.326325251883406e-05
NGD_CA_EQ,5.3126755097118e-05
GGG_US_EQ,5.310312276932229e-05
ADMA_US_EQ,5.30951649574314e-05
HUM_US_EQ,5.297417684123831e-05
BTU_US_EQ,5.274372028774302e-05
CIGI_CA_EQ,5.2719989046619663e-05
TROW_US_EQ,5.263112890304298e-05
TREX_US_EQ,5.2473848232436625e-05
OMC_US_EQ,5.242957046873842e-05
EPR_US_EQ,5.210372984524521e-05
CARR_US_EQ,5.2055462326210534e-05
LH_US_EQ,5.168908682135933e-05
CLH_US_EQ,5.142804768585916e-05
XPEV_US_EQ,5.109775844364381e-05
CW_US_EQ,5.097688604149337e-05
FORM_US_EQ,5.080912959166648e-05
MGY_US_EQ,5.041944008685489e-05
HXL_US_EQ,5.035004037779736e-05
PNFP_US_EQ,5.0348066465152216e-05
BIDU_US_EQ,5.028588956095962e-05
RNR_US_EQ,5.0146116521525614e-05
PAC_US_EQ,5.0047031113726156e-05
CHE_US_EQ,5.003509900146972e-05
BP_US_EQ,4.9891283764143145e-05
LMAT_US_EQ,4.9829786960751705e-05
BLD_US_EQ,4.972805334795389e-05
E_US_EQ,4.94210778021361e-05
CVE_US_EQ,4.924247746677082e-05
ATI_US_EQ,4.900192639819001e-05
WCC_US_EQ,4.896920743354281e-05
BURL_US_EQ,4.855853157880551e-05
FITB_US_EQ,4.845075250549812e-05
ATR_US_EQ,4.8449148198577674e-05
USFD_US_EQ,4.841326005232618e-05
HSY_US_EQ,4.8340998654060944e-05
IRT_US_EQ,4.8167593858226396e-05
KNF_US_EQ,4.813291451737154e-05
MDGL_US_EQ,4.794940938510557e-05
RL_US_EQ,4.791003335151934e-05
CLX_US_EQ,4.770725820464816e-05
GFI_US_EQ,4.7686671727684954e-05
SYF_US_EQ,4.756611267528102e-05
CPRX_US_EQ,4.750036894047838e-05
GMED_US_EQ,4.742035446104789e-05
EXAS_US_EQ,4.712972564129661e-05
NTRS_US_EQ,4.7058142465017474e-05
LANC_US_EQ,4.704198597864154e-05
MORN_US_EQ,4.698217165426278e-05
WPC_US_EQ,4.676050758019477e-05
WRBY_US_EQ,4.67555200205954e-05
DGX_US_EQ,4.668560918045898e-05
OSK_US_EQ,4.6547045611962246e-05
GRMN_US_EQ,4.6486851502362044e-05
LYFT_US_EQ,4.621003318096249e-05
VVV_US_EQ,4.6169823927689575e-05
NNN_US_EQ,4.607220221966913e-05
GHM_US_EQ,4.606617165228479e-05
IFF_US_EQ,4.5756213844309516e-05
IAG_US_EQ,4.5690504689912696e-05
GPN_US_EQ,4.54603777214796e-05
CNQ_US_EQ,4.540154856705051e-05
SCCO_US_EQ,4.511314915218309e-05
TEVA_US_EQ,4.5078515452040105e-05
WDFC_US_EQ,4.4879535904118955e-05
VRNT_US_EQ,4.478873862533648e-05
CP_US_EQ,4.4715886418578514e-05
ZS_US_EQ,4.454133801919533e-05
MC_US_EQ,4.428578879018796e-05
APPF_US_EQ,4.3964540024669386e-05
BUD_US_EQ,4.385391004162906e-05
EMN_US_EQ,4.372692241608754e-05
MKSI_US_EQ,4.35115667398238e-05
CBSH_US_EQ,4.338707673080924e-05
VIK_US_EQ,4.336639645648405e-05
TM_US_EQ,4.326288182679126e-05
NLY_US_EQ,4.319583850482182e-05
EXTR_US_EQ,4.3044895020867244e-05
HIG_US_EQ,4.299728856198378e-05
INVA_US_EQ,4.2860278202551565e-05
BOX_US_EQ,4.283420566042904e-05
KTOS_US_EQ,4.26128489903963e-05
AGX_US_EQ,4.259738818839083e-05
YMM_US_EQ,4.2374465272275166e-05
RBRK_US_EQ,4.221883845161611e-05
ACA_US_EQ,4.221238653713613e-05
BRC_US_EQ,4.220270416407961e-05
ELS_US_EQ,4.218585633556894e-05
ALLY_US_EQ,4.211036811903876e-05
POOL_US_EQ,4.204796790689125e-05
OZK_US_EQ,4.182308560865206e-05
UFPI_US_EQ,4.164398073088352e-05
AGNC_US_EQ,4.134629021213729e-05
SPXC_US_EQ,4.1334526239571045e-05
ITGR_US_EQ,4.126734433930953e-05
FHN_US_EQ,4.124174108165147e-05
TPL_US_EQ,4.106099825440993e-05
LUV_US_EQ,4.086775008778843e-05
GLW_US_EQ,4.0793288123309256e-05
VOD_US_EQ,4.060619969383336e-05
BCYC_US_EQ,4.0571167661843375e-05
MRX_US_EQ,4.0544708831443055e-05
PHM_US_EQ,4.039096409879327e-05
EVTC_US_EQ,4.034840559164016e-05
EIX_US_EQ,4.030170093886275e-05
PLNT_US_EQ,4.0233034330604005e-05
IRM_US_EQ,4.02222765573903e-05
XPO_US_EQ,4.0201332271854017e-05
AA_US_EQ,4.000340926430334e-05
CIEN_US_EQ,3.999331717750866e-05
PBH_US_EQ,3.991715520074265e-05
CPB_US_EQ,3.9597461292363113e-05
UGI_US_EQ,3.956411785997611e-05
TRMB_US_EQ,3.951476253212615e-05
RARE_US_EQ,3.94982359279887e-05
EQH_US_EQ,3.940121048215369e-05
CNC_US_EQ,3.9255247115108964e-05
FTS_US_EQ,3.915169352488443e-05
ES_US_EQ,3.911124153671252e-05
ENVA_US_EQ,3.874186773392361e-05
BBY_US_EQ,3.8561317948687146e-05
QLYS_US_EQ,3.853184138827638e-05
ESE_US_EQ,3.847724362560691e-05
HPQ_US_EQ,3.8463408614638274e-05
HSBC_US_EQ,3.842805570978423e-05
UBS_US_EQ,3.836600044871318e-05
ALK_US_EQ,3.817062922484501e-05
FTDR_US_EQ,3.805390863974119e-05
LMND_US_EQ,3.794041789336215e-05
SSB_US_EQ,3.771242441215114e-05
OC_US_EQ,3.7690618824275886e-05
JBL_US_EQ,3.731830326806957e-05
EXR_US_EQ,3.7250374712919246e-05
TD_US_EQ,3.7230276062279e-05
ALGM_US_EQ,3.722253867541136e-05
VRNA_US_EQ,3.718636754610519e-05
CMA_US_EQ,3.717322343777896e-05
FCNCA_US_EQ,3.6841251176541204e-05
PKG_US_EQ,3.66413970085424e-05
DG_US_EQ,3.658119593809689e-05
DECK_US_EQ,3.64421551830389e-05
MCY_US_EQ,3.641045633719769e-05
AKAM_US_EQ,3.638187937793876e-05
YOU_US_EQ,3.632121662246864e-05
EQR_US_EQ,3.6233659337814886e-05
WHD_US_EQ,3.604954503288748e-05
ORI_US_EQ,3.597382895292185e-05
CNM_US_EQ,3.5879300688097054e-05
NRG_US_EQ,3.585257898086816e-05
IPG_US_EQ,3.576846883010726e-05
FR_US_EQ,3.576777091632771e-05
KFY_US_EQ,3.5601108979054446e-05
LAD_US_EQ,3.5536690022068055e-05
INGR_US_EQ,3.549365173816666e-05
ZION_US_EQ,3.5326297272651245e-05
FLS_US_EQ,3.519312463130495e-05
MAS_US_EQ,3.5148660479794435e-05
AEIS_US_EQ,3.5094902331725194e-05
BAX_US_EQ,3.506991989513725e-05
CRUS_US_EQ,3.5059852490460837e-05
LRN_US_EQ,3.5033058306976355e-05
PPC_US_EQ,3.501521045520491e-05
SKX_US_EQ,3.493553682517451e-05
UPST_US_EQ,3.492746992886207e-05
TFII_CA_EQ,3.484943698841104e-05
BR_US_EQ,3.4841555164999754e-05
CACI_US_EQ,3.464920775640436e-05
LINE_US_EQ,3.447735662683244e-05
RMD_US_EQ,3.413035876388872e-05
BN_CA_EQ,3.407230044226349e-05
SNA_US_EQ,3.396763969015882e-05
OHI_US_EQ,3.3949752990332253e-05
MARA_US_EQ,3.392343645405517e-05
HUBB_US_EQ,3.378997497759422e-05
EEFT_US_EQ,3.344970002214044e-05
GM_US_EQ,3.340755806819918e-05
NEOG_US_EQ,3.337666845546742e-05
GNTX_US_EQ,3.332370705873855e-05
ADC_US_EQ,3.3302772871371184e-05
ALB_US_EQ,3.32980960783299e-05
GBCI_US_EQ,3.329454718273143e-05
INVH_US_EQ,3.3234957058256844e-05
SNX_US_EQ,3.318236090739623e-05
VCYT_US_EQ,3.316583779103398e-05
UDR_US_EQ,3.274970820943322e-05
BAM_US_EQ,3.2708651179904696e-05
KEX_US_EQ,3.267853499631966e-05
TTEK_US_EQ,3.264843726527098e-05
CX_US_EQ,3.2502166617822595e-05
PRU_US_EQ,3.234340581271589e-05
SPT_US_EQ,3.231495581249088e-05
GIS_US_EQ,3.228422056546198e-05
GSY_CA_EQ,3.210261974827264e-05
BYD_US_EQ,3.198225461029696e-05
MAA_US_EQ,3.188940299302913e-05
VNT_US_EQ,3.181481826998616e-05
TOL_US_EQ,3.176555367880488e-05
CGNX_US_EQ,3.176541297177655e-05
NTAP_US_EQ,3.152560907095899e-05
HRL_US_EQ,3.1522555889701594e-05
NFG_US_EQ,3.1510792078837505e-05
A_US_EQ,3.143159135289618e-05
PPG_US_EQ,3.1416341345154486e-05
AOS_US_EQ,3.135401505089785e-05
ECG_US_EQ,3.125415919083794e-05
BCH_US_EQ,3.1194184440388736e-05
OII_US_EQ,3.0856937222233196e-05
AU_US_EQ,3.077270541221538e-05
HCC_US_EQ,3.056413389648162e-05
AMH_US_EQ,3.052687431929249e-05
GME_US_EQ,3.0369927954189502e-05
DNLI_US_EQ,3.0348330055252024e-05
ARQT_US_EQ,3.029864736832257e-05
DRI_US_EQ,3.0280997890256187e-05
FOXA_US_EQ,3.026174790444182e-05
SBAC_US_EQ,3.0235264342791706e-05
DTM_US_EQ,3.018807870662745e-05
ADM_US_EQ,3.012119411380494e-05
PCTY_US_EQ,3.0035173933084613e-05
DNOW_US_EQ,3.0013663068543362e-05
FLUT_US_EQ,2.995957531745911e-05
SIGI_US_EQ,2.9888161722471524e-05
NOV_US_EQ,2.988597998785349e-05
NDSN_US_EQ,2.9863604161637624e-05
UEC_US_EQ,2.9758436546706904e-05
BKE_US_EQ,2.959050508004145e-05
ALLE_US_EQ,2.9575022074983626e-05
PTEN_US_EQ,2.9548254507417483e-05
HLF_US_EQ,2.951802851804897e-05
KGC_US_EQ,2.945093905723909e-05
CHRW_US_EQ,2.9423454392279496e-05
AFG_US_EQ,2.9343233747074407e-05
BAH_US_EQ,2.9040402361106093e-05
HAS_US_EQ,2.9008875524881775e-05
CTRE_US_EQ,2.8834048982527404e-05
SHAK_US_EQ,2.8749392294761764e-05
SON_US_EQ,2.8737173391190565e-05
ESAB_US_EQ,2.865138585108264e-05
PTCT_US_EQ,2.861049929646873e-05
VERX_US_EQ,2.8506582463752073e-05
SRRK_US_EQ,2.844923058388772e-05
TEL_US_EQ,2.8373517886698882e-05
TLK_US_EQ,2.8143054190310264e-05
ROOT_US_EQ,2.7921361890149503e-05
CCOI_US_EQ,2.790280796412024e-05
BRKR_US_EQ,2.78577585044668e-05
DOV_US_EQ,2.7731059726951537e-05
IDT_US_EQ,2.7691891423635804e-05
CRSP_US_EQ,2.766226639334163e-05
LQDT_US_EQ,2.7548225946146637e-05
ZIM_US_EQ,2.7521014192800685e-05
CUBE_US_EQ,2.7413040743675727e-05
G_US_EQ,2.7409591023576574e-05
DOC_AT_EQ,2.7402545486266562e-05
SWK_US_EQ,2.7339317446077902e-05
EGP_US_EQ,2.7336715644540576e-05
L_CA_EQ,2.7331521083078155e-05
ACI_US_EQ,2.7309057040159297e-05
DCI_US_EQ,2.7281699622686128e-05
PAAS_US_EQ,2.7168826820413552e-05
GFF_US_EQ,2.708656063115686e-05
LSTR_US_EQ,2.69874795836634e-05
IR_US_EQ,2.6903876662722812e-05
THO_US_EQ,2.6869023702185227e-05
STWD_US_EQ,2.6764771634370803e-05
OSW_US_EQ,2.6739483279988574e-05
RGEN_US_EQ,2.6687887765984956e-05
OGE_US_EQ,2.6561218609340596e-05
PNW_US_EQ,2.65362306687814e-05
UBSI_US_EQ,2.6531183308345442e-05
AIR_US_EQ,2.642402299533678e-05
R_US_EQ,2.6310589979281284e-05
BTG_US_EQ,2.6276444237673886e-05
FTV_US_EQ,2.6157388203108677e-05
STT_US_EQ,2.6083613610811546e-05
BB_US_EQ,2.6047258358678787e-05
TDOC_US_EQ,2.5998771675115908e-05
SKYW_US_EQ,2.5941631008472915e-05
TAK_US_EQ,2.591962342350458e-05
MSA_US_EQ,2.5866534357439888e-05
AVTR_US_EQ,2.585294637021271e-05
ARW_US_EQ,2.5709128160342708e-05
EXP_US_EQ,2.5648672403998196e-05
NIO_US_EQ,2.5635965912637605e-05
HESM_US_EQ,2.554189975549362e-05
HBAN_US_EQ,2.5534219008429613e-05
POWI_US_EQ,2.5436134528471074e-05
FUTU_US_EQ,2.5399822939530677e-05
TWST_US_EQ,2.5328401393499926e-05
ZTO_US_EQ,2.5326660773424168e-05
RLI_US_EQ,2.5278546590525083e-05
ARE_US_EQ,2.5223505929679172e-05
DVAX_US_EQ,2.521837115343525e-05
REG_US_EQ,2.5164359000281974e-05
LBRDK_US_EQ,2.5124910270404946e-05
WBA_US_EQ,2.5062926156835456e-05
HTHT_US_EQ,2.5048507848531452e-05
CINF_US_EQ,2.4969497908948668e-05
MIRM_US_EQ,2.496204611922056e-05
HII_US_EQ,2.490308216070626e-05
ESI_CA_EQ,2.4829227979978675e-05
HLN_US_EQ,2.4786168889620116e-05
MOMO_US_EQ,2.4728117655560934e-05
SLM_US_EQ,2.4613627960278787e-05
TRP_US_EQ,2.451149836618564e-05
OLED_US_EQ,2.4501588730404252e-05
MQ_US_EQ,2.438137189096834e-05
KBH_US_EQ,2.4362672409135663e-05
NXST_US_EQ,2.4326140391813582e-05
ZETA_US_EQ,2.4286084337663664e-05
GPC_US_EQ,2.4285078617313145e-05
NE_US_EQ,2.427895773150464e-05
SW_US_EQ,2.4271834396886425e-05
KRG_US_EQ,2.418742293449127e-05
ESS_US_EQ,2.4168579497495146e-05
ACAD_US_EQ,2.4165385182889436e-05
NOVT_US_EQ,2.4083283096417425e-05
AKRO_US_EQ,2.4079561973363773e-05
CRC_US_EQ,2.392779146109586e-05
TAL_US_EQ,2.389314032434916e-05
GFS_US_EQ,2.3803517640597628e-05
PAYC_US_EQ,2.3650086323916906e-05
MKTX_US_EQ,2.3409752960485976e-05
ARMK_US_EQ,2.326540942855828e-05
WTS_US_EQ,2.3087314200294798e-05
TTC_US_EQ,2.3085549794544455e-05
VKTX_US_EQ,2.294900392939457e-05
LW_US_EQ,2.2909616038464568e-05
IGM_CA_EQ,2.290120273495382e-05
TARS_US_EQ,2.2875736132856722e-05
CMC_US_EQ,2.2870565059714615e-05
CM_US_EQ,2.2795495990189157e-05
AGM_US_EQ,2.2725457389892634e-05
GIL_US_EQ,2.2683136662639514e-05
CG_US_EQ,2.2667999330853395e-05
BBIO_US_EQ,2.2599361938683683e-05
RXO_US_EQ,2.2590683662062728e-05
RIOT_US_EQ,2.2320610904771126e-05
WLK_US_EQ,2.2235199810198487e-05
SBRA_US_EQ,2.2165025173059226e-05
PAR_US_EQ,2.211266954571295e-05
UNF_US_EQ,2.2079390757617493e-05
PNR_US_EQ,2.202744604530932e-05
MUR_US_EQ,2.196483702887477e-05
BEPC_US_EQ,2.1825457156448885e-05
CCJ_US_EQ,2.181720763994115e-05
CARG_US_EQ,2.1809934070083532e-05
LAUR_US_EQ,2.1794043585451622e-05
UPWK_US_EQ,2.1781435231541054e-05
BXP_US_EQ,2.170348555461984e-05
BFB_US_EQ,2.1639175142110085e-05
ADT_US_EQ,2.1573034477753655e-05
AX_US_EQ,2.1516164953712706e-05
RRC_US_EQ,2.1463200031391317e-05
ZBH_US_EQ,2.1454498700147724e-05
SKT_US_EQ,2.1362993908684545e-05
CHD_US_EQ,2.132330168584888e-05
PD_US_EQ,2.1155289183574307e-05
AMX_US_EQ,2.1152218154687955e-05
AVB_US_EQ,2.1068930806079747e-05
GMAB_US_EQ,2.1053533411634724e-05
KRYS_US_EQ,2.0979926192615997e-05
FE_US_EQ,2.0972254673827608e-05
SU_US_EQ,2.0897131114122756e-05
ASX_US_EQ,2.080536617659946e-05
STEP_CA_EQ,2.078113428320795e-05
MSM_US_EQ,2.0606992793003307e-05
GLBE_US_EQ,2.059032266618381e-05
BKH_US_EQ,2.0428449272315427e-05
URGN_US_EQ,2.0378706664499253e-05
SPSC_US_EQ,2.037746805148168e-05
INMD_US_EQ,2.0250459087829012e-05
KBR_US_EQ,2.0236357183890206e-05
FUL_US_EQ,2.0163695568546554e-05
UA_US_EQ,2.014308987855972e-05
PRVA_US_EQ,2.012054956339693e-05
ATEN_US_EQ,2.0118887809377443e-05
COUR_US_EQ,2.0099573330212968e-05
GTY_US_EQ,2.005855229806086e-05
KNX_US_EQ,2.0050968650094403e-05
MTZ_US_EQ,2.004226284812127e-05
LSCC_US_EQ,1.9991688794914096e-05
PCH_US_EQ,1.9986358559975864e-05
BKD_US_EQ,1.9982004279098326e-05
SAM_US_EQ,1.997508499577647e-05
MAC_US_EQ,1.992302747586293e-05
WST_US_EQ,1.9864424519079457e-05
RF_US_EQ,1.984092723564025e-05
APA_US_EQ,1.973842678155796e-05
EBC_US_EQ,1.972165230621291e-05
REXR_US_EQ,1.968801624160496e-05
CHH_US_EQ,1.967151584006486e-05
AL_US_EQ,1.962260324041114e-05
ARWR_US_EQ,1.9235406867848598e-05
SKWD_US_EQ,1.9169263741967877e-05
KRC_US_EQ,1.9166963299157532e-05
RNG_US_EQ,1.9129905737854515e-05
ITRN_US_EQ,1.9110943721112448e-05
BELFB_US_EQ,1.9074104227673703e-05
TDS_US_EQ,1.891474942179693e-05
KGS_US_EQ,1.8856899613404465e-05
HMY_US_EQ,1.8836081058112713e-05
HRMY_US_EQ,1.8760046446815357e-05
SWKS_US_EQ,1.874503318598595e-05
BILL_US_EQ,1.873125736861708e-05
LII_US_EQ,1.8711772488109752e-05
TFSL_US_EQ,1.8693921658851068e-05
IPAR_US_EQ,1.8655034855742357e-05
CNXC_US_EQ,1.855704427672949e-05
X_CA_EQ,1.8537285937018436e-05
STNG_US_EQ,1.8498033133482335e-05
ANIP_US_EQ,1.8480279113641954e-05
BGNE_US_EQ,1.8413592837757653e-05
WD_US_EQ,1.8333892850303235e-05
LFST_US_EQ,1.832112817513486e-05
PFG_US_EQ,1.824017239495305e-05
GXO_US_EQ,1.8118571736838206e-05
SYNA_US_EQ,1.792512840447936e-05
NOK_US_EQ,1.7913581806493522e-05
AMG_US_EQ,1.7909938669452354e-05
QGEN_US_EQ,1.7883649928400413e-05
CAKE_US_EQ,1.7821310421713976e-05
STLD_US_EQ,1.7808928907711926e-05
LZ_US_EQ,1.7804630431018876e-05
YELP_US_EQ,1.7756487105579167e-05
EL_US_EQ,1.7750191100015503e-05
ATAT_US_EQ,1.7730185882477065e-05
JHG_US_EQ,1.7615947629226733e-05
PTGX_US_EQ,1.7607899378114944e-05
FRPT_US_EQ,1.7512261951535205e-05
AGCO_US_EQ,1.746721197052984e-05
COOP_US_EQ,1.7426581934025045e-05
NVT_US_EQ,1.7382062977979606e-05
BNS_US_EQ,1.731439647144768e-05
BRX_US_EQ,1.728127451677293e-05
COLB_US_EQ,1.7226014076321455e-05
AYI_US_EQ,1.7184347005210563e-05
NBHC_US_EQ,1.7111007778918385e-05
TRN_US_EQ,1.7077819762586994e-05
RIG_US_EQ,1.6988679054039714e-05
PTON_US_EQ,1.695620235515172e-05
APLS_US_EQ,1.6940214775384926e-05
BHP_US_EQ,1.69110543682554e-05
LITE_US_EQ,1.684077293373997e-05
BILI_US_EQ,1.6832191789503794e-05
WY_US_EQ,1.679665650269063e-05
EZPW_US_EQ,1.6791533994915247e-05
APAM_US_EQ,1.6751681590201044e-05
SVV_US_EQ,1.6723318740669667e-05
LMB_US_EQ,1.6704510982810224e-05
LYB_US_EQ,1.6628385497123827e-05
CFLT_US_EQ,1.6578914441914903e-05
AI_CA_EQ,1.646620302807191e-05
SATS_US_EQ,1.640431805096871e-05
IONS_US_EQ,1.6355607067685165e-05
TDC_US_EQ,1.628456670876862e-05
SLF_US_EQ,1.6277861886017932e-05
HWKN_US_EQ,1.6265840319634783e-05
NSA_US_EQ,1.6252535315225073e-05
NSP_US_EQ,1.619848323845702e-05
MAN_US_EQ,1.6136969696883987e-05
PRGS_US_EQ,1.6102680491822853e-05
DDS_US_EQ,1.596493142596973e-05
ORA_US_EQ,1.5906302859866217e-05
CDNA_US_EQ,1.5891138098508053e-05
MFG_US_EQ,1.5877487572234466e-05
GDXd_EQ,1.585545100576834e-05
COTY_US_EQ,1.5852558215114188e-05
PII_US_EQ,1.5827738224684107e-05
VNO_US_EQ,1.5761199300444746e-05
CROX_US_EQ,1.569373893322891e-05
GFL_US_EQ,1.565682087248122e-05
SM_US_EQ,1.5621164060875777e-05
SJM_US_EQ,1.5585038184110354e-05
ATGE_US_EQ,1.5557932086052052e-05
HAYW_US_EQ,1.5524998091176174e-05
MTH_US_EQ,1.5504204919277343e-05
FIBK_US_EQ,1.5497062644400458e-05
KMX_US_EQ,1.5432266335550355e-05
HST_US_EQ,1.529603181248433e-05
APPN_US_EQ,1.5261046110127694e-05
FYBR_US_EQ,1.5251593634042148e-05
WVE_US_EQ,1.524724633944767e-05
DAR_US_EQ,1.5233845858642662e-05
AMKR_US_EQ,1.5209822761267012e-05
MOD_US_EQ,1.5172694160001017e-05
MRC_CA_EQ,1.5057925458835439e-05
EIG_US_EQ,1.5045201522603652e-05
KIM_US_EQ,1.5039967833860285e-05
RGR_US_EQ,1.4970548548181615e-05
EQNR_US_EQ,1.4913639150214597e-05
FIVE_US_EQ,1.4905664058491405e-05
DHT_US_EQ,1.489716002962261e-05
FRO_US_EQ,1.4852930286601694e-05
UTI_US_EQ,1.482647228372461e-05
SSD_US_EQ,1.4823915109127767e-05
RNA_US_EQ,1.4695458942043532e-05
AM_US_EQ,1.469244614811546e-05
SEE_US_EQ,1.4686111665271718e-05
ACLX_US_EQ,1.4681268453046e-05
WHR_US_EQ,1.4549589851560208e-05
ATUS_US_EQ,1.4421992047094114e-05
CYRX_US_EQ,1.4418601629071203e-05
AER_US_EQ,1.4400225942346768e-05
KOF_US_EQ,1.4089205943591978e-05
ASB_US_EQ,1.4086315471270906e-05
SARO_US_EQ,1.4068692285024416e-05
SMMT_US_EQ,1.4047762840596085e-05
GNW_US_EQ,1.4046149817073441e-05
SSRM_US_EQ,1.4032879979630853e-05
JKHY_US_EQ,1.4022607973525645e-05
SBLK_US_EQ,1.3964482686198752e-05
FOLD_US_EQ,1.3911530546454242e-05
COO_US_EQ,1.3902152431947513e-05
ELME_US_EQ,1.3800384524141828e-05
WU_US_EQ,1.3738941889712007e-05
OSIS_US_EQ,1.356256648032925e-05
TK_US_EQ,1.3476361896582891e-05
MHO_US_EQ,1.3379516482435357e-05
MTCH_US_EQ,1.3280170304302517e-05
HAE_US_EQ,1.3240443175127315e-05
URBN_US_EQ,1.319846827782849e-05
CWK_US_EQ,1.3183332769432651e-05
RH_US_EQ,1.315541514814832e-05
HRB_US_EQ,1.3042632063819603e-05
TNDM_US_EQ,1.3030486812148495e-05
RAMP_US_EQ,1.3004475785820262e-05
WMG_US_EQ,1.2903783114241187e-05
FWONA_US_EQ,1.2897533447253229e-05
SNRE_US_EQ,1.2772010007377286e-05
BWA_US_EQ,1.2743537364384208e-05
CON_US_EQ,1.2731718435479052e-05
NUVL_US_EQ,1.2718373528533786e-05
NEO_US_EQ,1.268236209563794e-05
TPX_US_EQ,1.2658513949319946e-05
AHR_US_EQ,1.259769478342852e-05
FSLR_US_EQ,1.253122183295665e-05
GGB_US_EQ,1.2526681749010945e-05
KRNT_US_EQ,1.2513134696336653e-05
OR_US_EQ,1.2503336614615927e-05
BKU_US_EQ,1.2486271755830194e-05
EPRT_US_EQ,1.2300245166251672e-05
HMC_US_EQ,1.228390542567031e-05
SUI_US_EQ,1.2242677715675634e-05
AMBA_US_EQ,1.2214889564146207e-05
HBM_US_EQ,1.2150903649147237e-05
AMPH_US_EQ,1.2136992252892365e-05
TNK_US_EQ,1.2112600616492551e-05
RNST_US_EQ,1.2068418852690291e-05
LADR_US_EQ,1.206020183950206e-05
SMFG_US_EQ,1.2050250228090608e-05
RYN_US_EQ,1.2042056243851732e-05
ABCL_US_EQ,1.1981513121581055e-05
SWBI_US_EQ,1.1977272729885809e-05
OSCR_US_EQ,1.1912326470855075e-05
SWX_US_EQ,1.1873174243359404e-05
UMC_US_EQ,1.1871464133367038e-05
VITL_US_EQ,1.184758057236411e-05
INSW_US_EQ,1.1816883966884278e-05
NMIH_US_EQ,1.177952664261427e-05
VAL_US_EQ,1.1721426382209691e-05
LKQ_US_EQ,1.1710555403713805e-05
GT_US_EQ,1.165726168534444e-05
CSR_US_EQ,1.1655537287383639e-05
MAT_US_EQ,1.1647916605984987e-05
RHI_US_EQ,1.1639955708463443e-05
QFIN_US_EQ,1.1574905789523036e-05
GPRK_US_EQ,1.1516775608617846e-05
FNB_US_EQ,1.1409179082483001e-05
BATRK_US_EQ,1.1406028578167062e-05
OLN_US_EQ,1.140014407544026e-05
CLF_US_EQ,1.1385270947979676e-05
VC_US_EQ,1.1254277827956939e-05
INOD_US_EQ,1.1239983714675197e-05
STX_US_EQ,1.1224725100908361e-05
FIHL_US_EQ,1.1161475534666219e-05
FUBO_US_EQ,1.1134891753537452e-05
MFC_US_EQ,1.1117766150912154e-05
ENS_US_EQ,1.1114575106171049e-05
LBRT_US_EQ,1.1066014787682826e-05
EXPI_US_EQ,1.1007489387220277e-05
CNX_US_EQ,1.0961265850935152e-05
MTN_US_EQ,1.0943300583589072e-05
GEN_US_EQ,1.0927112380619876e-05
TIGR_US_EQ,1.09262527277247e-05
HP_US_EQ,1.0869951576193937e-05
TRUP_US_EQ,1.0864691956309728e-05
CWT_US_EQ,1.0861783127105217e-05
VIPS_US_EQ,1.084510700782219e-05
BEN_US_EQ,1.0836991587871814e-05
IMVT_US_EQ,1.0825552854847144e-05
GOOD_US_EQ,1.0819204382997273e-05
SNAP_US_EQ,1.0812919015454035e-05
TXT_US_EQ,1.0809622343714619e-05
MBC_US_EQ,1.080367526376652e-05
BCC_US_EQ,1.0803241782403351e-05
MHK_US_EQ,1.0792434555969462e-05
FOX_US_EQ,1.0786146629311113e-05
PSN_US_EQ,1.0784710251899417e-05
MOS_US_EQ,1.0778134873634013e-05
SXC_US_EQ,1.072837344370593e-05
HBI_US_EQ,1.0694815848682828e-05
NVCR_US_EQ,1.0675744460546347e-05
CAG_US_EQ,1.0619937082330362e-05
DX_US_EQ,1.059106445066891e-05
PBA_US_EQ,1.0584436197975896e-05
FRT_US_EQ,1.0479150571961162e-05
PHAT_US_EQ,1.044594315483763e-05
NXE_US_EQ,1.0357029045118194e-05
ALE_US_EQ,1.034487778179176e-05
COMM_US_EQ,1.0341299254955055e-05
ALV_US_EQ,1.0296498885164077e-05
PTC_US_EQ,1.0262325990294457e-05
JXN_US_EQ,1.0233008786163154e-05
FLOC_US_EQ,1.0215250139667874e-05
ROCK_US_EQ,1.0130556606887335e-05
APEI_US_EQ,1.0125802030613366e-05
IOVA_US_EQ,1.0103475508174624e-05
VIV_US_EQ,1.0100233436610194e-05
AMPL_US_EQ,1.0080371424922928e-05
EQX_US_EQ,1.0078509185445172e-05
BEAM_US_EQ,1.0057360536438985e-05
HOG_US_EQ,1.0027971565685989e-05
CVBF_US_EQ,9.997455881991678e-06
KRMN_US_EQ,9.971600388557789e-06
INDB_US_EQ,9.911592785338711e-06
SAND_US_EQ,9.833344773194747e-06
XP_US_EQ,9.780505325453722e-06
PVH_US_EQ,9.75711014902121e-06
CSV_US_EQ,9.755278888299787e-06
MDU_US_EQ,9.731633037546288e-06
SPNS_US_EQ,9.718584492878236e-06
VLGEA_US_EQ,9.711803673702295e-06
PRLB_US_EQ,9.69554044583712e-06
H_US_EQ,9.674445558225822e-06
SFBS_US_EQ,9.64919857631694e-06
SAIC_US_EQ,9.595171323672426e-06
VOE_AT_EQ,9.578036000527751e-06
DAN_US_EQ,9.555971948331053e-06
HOV_US_EQ,9.538636457174013e-06
POWL_US_EQ,9.522361831205656e-06
DOCN_US_EQ,9.457248468362109e-06
BCRX_US_EQ,9.414711912618737e-06
RSI_CA_EQ,9.399873689271844e-06
IMOS_US_EQ,9.351496270757816e-06
WAFd_EQ,9.32986262186918e-06
SD_US_EQ,9.325017614705364e-06
JMIA_US_EQ,9.317421356972704e-06
ARDX_US_EQ,9.290991099365467e-06
UHS_US_EQ,9.219600348116923e-06
MDXG_US_EQ,9.135976481118266e-06
BUSE_US_EQ,9.134442391402827e-06
SLG_US_EQ,9.13193234511515e-06
M_US_EQ,9.111953010257193e-06
TEX_US_EQ,9.079075533765485e-06
JWN_US_EQ,9.021951508067708e-06
SFIX_US_EQ,9.021424754384604e-06
PLYM_US_EQ,9.009863503594396e-06
LOAR_US_EQ,8.999672935069118e-06
PATH_US_EQ,8.956063718760222e-06
VFC_US_EQ,8.885872852508374e-06
SEM_PT_EQ,8.878592741789178e-06
TPB_US_EQ,8.878493424427589e-06
ERO_US_EQ,8.852960442262284e-06
MNKD_US_EQ,8.836151922400856e-06
NPK_US_EQ,8.827092183870069e-06
GERN_US_EQ,8.813836621891346e-06
MFA_US_EQ,8.792690973853292e-06
IRDM_US_EQ,8.650811540622006e-06
NCNO_US_EQ,8.616477166505229e-06
HNST_US_EQ,8.525378172195082e-06
AS_US_EQ,8.499037426398033e-06
SLVM_US_EQ,8.413005039134993e-06
UMH_US_EQ,8.390018894593702e-06
BLBD_US_EQ,8.370279931718664e-06
EVER_US_EQ,8.30951243702743e-06
GPI_US_EQ,8.285404009039522e-06
OLP_US_EQ,8.248997493095279e-06
ARLO_US_EQ,8.247852130720282e-06
BHLB_US_EQ,8.242949810110564e-06
VERA_US_EQ,8.242060518031042e-06
GSL_US_EQ,8.221785311874321e-06
FIVN_US_EQ,8.199029136094422e-06
LNN_US_EQ,8.170321175327171e-06
SDGR_US_EQ,8.162256352756552e-06
VTI_EQ,8.15984075463337e-06
CDE_US_EQ,8.159536664417017e-06
SVM_US_EQ,8.15297633682664e-06
SPOK_US_EQ,8.142760675252997e-06
WSBC_US_EQ,8.105243422270748e-06
FLNG_US_EQ,8.10304269117432e-06
BOH_US_EQ,8.079696273154286e-06
LU_US_EQ,8.058761806927733e-06
VNOM_US_EQ,8.016236529884254e-06
GIB_US_EQ,8.002245169767157e-06
CATY_US_EQ,7.996973815274378e-06
ULS_US_EQ,7.967670971093856e-06
NWS_US_EQ,7.95737308953367e-06
VNDA_US_EQ,7.92007106681297e-06
PAGP_US_EQ,7.918013745961017e-06
IVT_US_EQ,7.76536710908719e-06
MRCY_US_EQ,7.745373446897871e-06
JJSF_US_EQ,7.731696999581186e-06
VIST_US_EQ,7.719691552370546e-06
HOPE_US_EQ,7.65508558400932e-06
TGB_US_EQ,7.652027161743306e-06
XERS_US_EQ,7.638525086787665e-06
NVAX_US_EQ,7.632899467491473e-06
DNN_US_EQ,7.610430834689315e-06
PAHC_US_EQ,7.60626227263447e-06
KYMR_US_EQ,7.562300074095176e-06
SPTN_US_EQ,7.4867858933795966e-06
AG_US_EQ,7.4345963230908666e-06
ASO_US_EQ,7.417933901200417e-06
BTE_CA_EQ,7.399835697570977e-06
ZLAB_US_EQ,7.394815123206784e-06
HL_US_EQ,7.377688882117095e-06
DOLE_US_EQ,7.358829294474017e-06
PLXS_US_EQ,7.3431749184853085e-06
GGAL_US_EQ,7.315585739591288e-06
CIG_US_EQ,7.307418288683813e-06
TPG_US_EQ,7.2739879246875315e-06
HE_US_EQ,7.269732403001886e-06
GHC_US_EQ,7.257870481738658e-06
AMN_US_EQ,7.1786720499244316e-06
APGE_US_EQ,7.17054290182347e-06
CCS_US_EQ,7.162527650425797e-06
GTX_US_EQ,7.1580294620685566e-06
SANA_US_EQ,7.124562254040953e-06
MLCO_US_EQ,7.120431585404958e-06
CABO_US_EQ,7.11282751969104e-06
CSTL_US_EQ,7.081858496928545e-06
XLK_EQ,7.073139933077096e-06
BIPC_US_EQ,7.070946171554012e-06
APLE_US_EQ,7.054117737780758e-06
VIR_US_EQ,7.03922697388623e-06
GNK_US_EQ,7.031191248312262e-06
AVT_US_EQ,7.0080567076828285e-06
CVI_US_EQ,6.951638152243521e-06
MSEX_US_EQ,6.9007647098720465e-06
FELE_US_EQ,6.879612921592867e-06
HVT_US_EQ,6.8561454165245725e-06
PSEC_US_EQ,6.855170529469935e-06
GBX_US_EQ,6.826642549451351e-06
IQ_US_EQ,6.80763122829151e-06
PZZA_US_EQ,6.797128577325836e-06
OGN_US_EQ,6.7464812747797245e-06
IAU_CA_EQ,6.744052420025461e-06
STC_CA_EQ,6.735714479063488e-06
BNL_US_EQ,6.703202516849972e-06
NBN_US_EQ,6.692048927069943e-06
ASC_US_EQ,6.614169302744065e-06
ZI_US_EQ,6.569103999186378e-06
NMR_US_EQ,6.551349371086884e-06
NUS_US_EQ,6.548383994148966e-06
BBVA_US_EQ,6.5314199738505864e-06
AKR_US_EQ,6.496965924789111e-06
COLD_US_EQ,6.487747791987846e-06
APTV_US_EQ,6.469341110983364e-06
SB_US_EQ,6.460288591556262e-06
BVN_US_EQ,6.447339278144327e-06
AMED_US_EQ,6.4439356812193455e-06
GEO_US_EQ,6.370136557287884e-06
BTSG_US_EQ,6.3650010382515855e-06
BLKB_US_EQ,6.326220756150472e-06
GDRX_US_EQ,6.307552853766177e-06
AWR_US_EQ,6.296908448388254e-06
OMF_US_EQ,6.2962785949597e-06
HROW_US_EQ,6.2962580245934605e-06
AVA_US_EQ,6.277147934517741e-06
EB_US_EQ,6.2708046870378445e-06
BL_US_EQ,6.225309779118703e-06
VPG_US_EQ,6.197147357175867e-06
AES_US_EQ,6.1938253278537355e-06
AHH_US_EQ,6.175125237341296e-06
FSM_US_EQ,6.14740047776309e-06
FRBA_US_EQ,6.129364836274838e-06
ARCC_US_EQ,6.086884387846616e-06
ABM_US_EQ,6.08152924660569e-06
HCI_US_EQ,6.053070548150673e-06
PKE_US_EQ,6.0402430573309375e-06
OLO_US_EQ,6.030027317961839e-06
RSKD_US_EQ,6.020276597634156e-06
PGNY_US_EQ,6.009862395642519e-06
UHT_US_EQ,6.0088616527937635e-06
MATX_US_EQ,6.0006937333296144e-06
LFVN_US_EQ,5.993744254076318e-06
HIW_US_EQ,5.9920106963657685e-06
SGU_US_EQ,5.9623633941073325e-06
ARIS_CA_EQ,5.9479790926833875e-06
DQ_US_EQ,5.937933846703608e-06
BATRA_US_EQ,5.930982534138346e-06
VSCO_US_EQ,5.930571202602317e-06
UTMD_US_EQ,5.90867244014074e-06
INN_US_EQ,5.887576448361914e-06
AGRO_US_EQ,5.885721254125718e-06
PAG_US_EQ,5.880225330766228e-06
LXU_US_EQ,5.873123018116909e-06
TREE_US_EQ,5.861028624590674e-06
BSY_US_EQ,5.801555052953305e-06
MED_US_EQ,5.7831490002647965e-06
SFL_US_EQ,5.7778354648122325e-06
NTGR_US_EQ,5.7611339654900256e-06
CGON_US_EQ,5.757240058962016e-06
CMRE_US_EQ,5.7566703442123455e-06
NICE_US_EQ,5.756518180068695e-06
MLYS_US_EQ,5.756005215022544e-06
AMRX_US_EQ,5.7476699554741305e-06
NHI_US_EQ,5.73092280166928e-06
PBI_US_EQ,5.7054740137850025e-06
KC_US_EQ,5.648554794417473e-06
SOHU_US_EQ,5.617173934448487e-06
KN_US_EQ,5.610773791486486e-06
DB_US_EQ,5.568652278178273e-06
CAE_CA_EQ,5.543874988873941e-06
PUK_US_EQ,5.541454319611891e-06
STN_US_EQ,5.461149199111443e-06
SRCE_US_EQ,5.4610032375675185e-06
UUUU_US_EQ,5.436814567208232e-06
GSM_US_EQ,5.428888774634571e-06
ET_CA_EQ,5.405435161286913e-06
SMCI_US_EQ,5.3805271217401476e-06
GRBK_US_EQ,5.3301654453867274e-06
RPD_US_EQ,5.30720699655594e-06
CNR_CA_EQ,5.30025272489113e-06
ENIC_US_EQ,5.298345853075501e-06
JBLU_US_EQ,5.287452263623687e-06
RC_US_EQ,5.278197467611428e-06
OUT_US_EQ,5.275127070512678e-06
LWAY_US_EQ,5.246650792134908e-06
PBPB_US_EQ,5.221317109480176e-06
AQN_US_EQ,5.217515345328538e-06
VIAV_US_EQ,5.195663839853144e-06
GNL_US_EQ,5.156675179475959e-06
REZI_US_EQ,5.151891351090131e-06
AESI_US_EQ,5.134133806391671e-06
SAN_US_EQ,5.131829979454032e-06
SANM_US_EQ,5.105965898745023e-06
TMDX_US_EQ,5.082880778365463e-06
FLYW_US_EQ,5.055842326198902e-06
PUBM_US_EQ,5.045126304294767e-06
SUZ_US_EQ,5.0367021641077504e-06
AKBA_US_EQ,5.025029246057906e-06
DXPE_US_EQ,5.01289514117362e-06
LQDA_US_EQ,5.011044707361856e-06
RMR_US_EQ,5.004674678354401e-06
FSLY_US_EQ,5.002145996761791e-06
ERII_US_EQ,4.979049829552264e-06
FCPT_US_EQ,4.969050540628095e-06
NTR_US_EQ,4.962515672473013e-06
GDS_US_EQ,4.960031530094066e-06
LYG_US_EQ,4.930568725842591e-06
TFX_US_EQ,4.927263277653051e-06
ACHC_US_EQ,4.907653503858809e-06
OMI_US_EQ,4.881029581453771e-06
ZG_US_EQ,4.86521248137721e-06
PSMT_US_EQ,4.849647865734774e-06
BMO_US_EQ,4.838935886777195e-06
ALRM_US_EQ,4.803471256112631e-06
FMC_US_EQ,4.803280009753751e-06
CFG_US_EQ,4.801577331255562e-06
EE_US_EQ,4.797102974302278e-06
BCE_US_EQ,4.7818531691579265e-06
ZIP_US_EQ,4.7808400965166535e-06
PENN_US_EQ,4.775020573708388e-06
HG_US_EQ,4.758530002519048e-06
BAND_US_EQ,4.740388470576288e-06
JKS_US_EQ,4.73671891894174e-06
JANX_US_EQ,4.723435580407036e-06
NVEC_US_EQ,4.722246938633527e-06
ASAN_US_EQ,4.71995699183809e-06
GASS_US_EQ,4.707128995347894e-06
EYE_US_EQ,4.696912750308334e-06
AMTM_US_EQ,4.69556495813106e-06
WIT_US_EQ,4.691907967454279e-06
UVE_US_EQ,4.6715795344263345e-06
VSH_US_EQ,4.655500907448348e-06
ALG_US_EQ,4.646729898593251e-06
PK_US_EQ,4.615596494289279e-06
FDP_US_EQ,4.613720057302625e-06
NWL_US_EQ,4.604429843603701e-06
NRIX_US_EQ,4.5571701045978665e-06
FVRR_US_EQ,4.550224695502964e-06
KURA_US_EQ,4.545932100156142e-06
RLAY_US_EQ,4.534597216826256e-06
HDSN_US_EQ,4.533961778819611e-06
AUPH_US_EQ,4.476102068309536e-06
MRVI_US_EQ,4.47120005888164e-06
AAT_US_EQ,4.452807994039503e-06
DVA_US_EQ,4.451674818743988e-06
TRI_US_EQ,4.440744810453122e-06
HASI_US_EQ,4.431392540764586e-06
REVG_US_EQ,4.4151313355812545e-06
MEOH_US_EQ,4.4126067454076025e-06
MPW_US_EQ,4.4030403002898616e-06
NTST_US_EQ,4.395462637015452e-06
CBL_US_EQ,4.391030448862597e-06
PBF_US_EQ,4.38187007821493e-06
DCO_US_EQ,4.377791120836371e-06
EBR_US_EQ,4.367962033771644e-06
MAIN_US_EQ,4.31339924217953e-06
CWEN_US_EQ,4.311682451676964e-06
OSUR_US_EQ,4.282914899067724e-06
ALGN_US_EQ,4.278831235064108e-06
WEN_US_EQ,4.276528439927819e-06
HUN_US_EQ,4.274988795312241e-06
THS_US_EQ,4.237927600565644e-06
DSG_CA_EQ,4.2298719830651415e-06
DLO_US_EQ,4.228108822089301e-06
ANGO_US_EQ,4.226200356444006e-06
NXRT_US_EQ,4.224320885434587e-06
ORRF_US_EQ,4.2069138122057985e-06
ADTN_US_EQ,4.180435195051075e-06
TRMD_US_EQ,4.173654375875132e-06
PFSI_US_EQ,4.163026604810905e-06
DAWN_US_EQ,4.142344722705335e-06
PERI_US_EQ,4.142273515906146e-06
AMSC_US_EQ,4.130574414983349e-06
LNC_US_EQ,4.098649577372167e-06
APOG_US_EQ,4.092339403481093e-06
ATRO_US_EQ,4.083268987589263e-06
DRD_US_EQ,4.048130935999188e-06
LAKE_US_EQ,4.048130935999188e-06
GRAL_US_EQ,4.018601694233754e-06
GDEN_US_EQ,4.014931727665521e-06
CALX_US_EQ,4.00841194057959e-06
CNDT_US_EQ,3.9963185194965495e-06
NTLA_US_EQ,3.988809039531318e-06
TSLX_US_EQ,3.9748507751243805e-06
PKX_US_EQ,3.974196654372997e-06
NGS_US_EQ,3.969106299377865e-06
WWW_US_EQ,3.94515215058403e-06
CLDT_US_EQ,3.9347017340585684e-06
TU_US_EQ,3.928857120117576e-06
KNOP_US_EQ,3.922607496123245e-06
PSO_US_EQ,3.915357133692063e-06
IMAX_US_EQ,3.899885837203243e-06
OCUL_US_EQ,3.883765909637323e-06
BG_US_EQ,3.874129830077612e-06
ACLS_US_EQ,3.8617235356946705e-06
UGP_US_EQ,3.857835554074791e-06
ICUI_US_EQ,3.848483390816163e-06
JHX_US_EQ,3.835027227863152e-06
AEC1d_EQ,3.828226375907753e-06
DOX_US_EQ,3.823694680963847e-06
ARVN_US_EQ,3.7727855354293803e-06
TX_US_EQ,3.765703196278315e-06
VNET_US_EQ,3.765703196278315e-06
LEU_US_EQ,3.754342483511497e-06
RCUS_US_EQ,3.7492649702165868e-06
CUBI_US_EQ,3.739223801169037e-06
TZOO_US_EQ,3.734322336309329e-06
BUR_US_EQ,3.7241661423060703e-06
SOLV_US_EQ,3.71274717069046e-06
FF_US_EQ,3.70596506499747e-06
PLTK_US_EQ,3.702941476340343e-06
SHOO_US_EQ,3.691579907823515e-06
EMBC_US_EQ,3.6773126228585854e-06
PMT_US_EQ,3.671148779164867e-06
UHALB_US_EQ,3.657587063017526e-06
CURB_US_EQ,3.6497496087022584e-06
STVN_US_EQ,3.645881618126949e-06
REPL_US_EQ,3.601869539495418e-06
CVGW_US_EQ,3.601606745721413e-06
CNS_US_EQ,3.5974370945301907e-06
HLIO_US_EQ,3.5969541065749306e-06
CXW_US_EQ,3.5795011728767073e-06
PLAB_US_EQ,3.5558408452716555e-06
ESRT_US_EQ,3.530918182971131e-06
NCDL_US_EQ,3.5146563165264275e-06
DXC_US_EQ,3.506611567848175e-06
PRAX_US_EQ,3.4762038852559516e-06
AEO_US_EQ,3.4717383985548132e-06
AVXL_US_EQ,3.4445820268031277e-06
HNRG_US_EQ,3.435631679905103e-06
ABR_US_EQ,3.4318141054495976e-06
NSSC_US_EQ,3.425415784945093e-06
MSGE_US_EQ,3.41969107354741e-06
ARI_US_EQ,3.397791844313101e-06
DRH_US_EQ,3.3948261158737963e-06
RCMT_US_EQ,3.3891328766504833e-06
CWCO_US_EQ,3.3819407259385112e-06
SITC_US_EQ,3.3738850355002424e-06
BOW_US_EQ,3.365677809255159e-06
CIO_US_EQ,3.347536277312399e-06
ZYME_US_EQ,3.333151975888454e-06
KINS_US_EQ,3.3263711567125114e-06
TWO_US_EQ,3.3145991124096643e-06
RMAX_US_EQ,3.304061062714906e-06
DOUG_US_EQ,3.2636094367745395e-06
RCIB_CA_EQ,3.242794007255725e-06
ZK_US_EQ,3.232228576805554e-06
ICL_US_EQ,3.232228576805554e-06
SAGE_US_EQ,3.1936555661245956e-06
EGY_US_EQ,3.190631938569741e-06
CRK_US_EQ,3.173355358735068e-06
SHO_US_EQ,3.169450650428891e-06
LTC_US_EQ,3.1580316106715186e-06
AXL_US_EQ,3.1411092743739005e-06
EBS_US_EQ,3.1368481428509205e-06
ATLC_US_EQ,3.1218230802152436e-06
BRT_US_EQ,3.118799491558117e-06
JBGS_US_EQ,3.1125015868558487e-06
AAOI_US_EQ,3.111607301948417e-06
IVR_US_EQ,3.105560163531891e-06
TH_US_EQ,3.096489397560511e-06
BXC_US_EQ,3.0832500695342853e-06
MGM_US_EQ,3.0740912462163455e-06
GOGO_US_EQ,3.0620847544457594e-06
SOBO_US_EQ,3.059244945647266e-06
GILT_US_EQ,3.043943416991638e-06
GRC_US_EQ,3.0427982102075527e-06
GDX_EQ,3.0405084967984817e-06
DSX_US_EQ,3.0292707393459225e-06
SMWB_US_EQ,3.0269845211703934e-06
EIC_US_EQ,3.023201717898679e-06
BHC_CA_EQ,3.0197543965528025e-06
AIV_US_EQ,2.9984420372876285e-06
KBDC_US_EQ,2.9811816970536662e-06
TASK_US_EQ,2.9811816970536662e-06
IVZ_US_EQ,2.960910589077117e-06
OSPN_US_EQ,2.944163240908708e-06
FL_US_EQ,2.943207394460617e-06
GCI_US_EQ,2.9395850588178535e-06
SCS_US_EQ,2.9357183687615485e-06
SWIM_US_EQ,2.9260525702480895e-06
LZB_US_EQ,2.9129589696114765e-06
NC_US_EQ,2.8930862944609616e-06
TXG_US_EQ,2.8840154895918537e-06
NWBI_US_EQ,2.879846110684726e-06
THFF_US_EQ,2.85034468282743e-06
XPER_US_EQ,2.8424189291514965e-06
CODI_US_EQ,2.8261554678999556e-06
CION_US_EQ,2.8242773972087363e-06
WLDN_US_EQ,2.8231324238110176e-06
EPM_US_EQ,2.8019673032111303e-06
UVV_US_EQ,2.7985318773475134e-06
ERIE_US_EQ,2.792571387379966e-06
BIGC_US_EQ,2.785704386527778e-06
MTSR_US_EQ,2.777247776174452e-06
CPS_US_EQ,2.7736100318992712e-06
CGEM_US_EQ,2.7628247381176285e-06
DIOD_US_EQ,2.7506679176717727e-06
TALO_US_EQ,2.747130909074087e-06
NWN_US_EQ,2.733949908038416e-06
LB_US_EQ,2.7301348173017783e-06
DGII_US_EQ,2.716542601423261e-06
CGAU_US_EQ,2.715016679527506e-06
JAKK_US_EQ,2.7078247233041726e-06
III_US_EQ,2.704801134647046e-06
ENR_US_EQ,2.701702856969763e-06
HUYA_US_EQ,2.6987539573327925e-06
PUMP_US_EQ,2.6976222823902776e-06
TNC_US_EQ,2.697608128185063e-06
CE_US_EQ,2.685718871017828e-06
MYRG_US_EQ,2.6779104468994654e-06
SIM_US_EQ,2.6673730973638064e-06
SLQT_US_EQ,2.6571573190969798e-06
SII_CA_EQ,2.6552785871443888e-06
PBYI_US_EQ,2.642039414709074e-06
OFG_US_EQ,2.6350374069045153e-06
WFG_CA_EQ,2.634933445673347e-06
REAL_US_EQ,2.631823636442247e-06
HPP_US_EQ,2.6197289706319183e-06
PCYO_US_EQ,2.618054553121176e-06
DSP_US_EQ,2.6167057320543413e-06
INGN_US_EQ,2.6167057320543413e-06
GLNG_US_EQ,2.6147380955845632e-06
IMNM_US_EQ,2.60995739347647e-06
MGIC_US_EQ,2.6046113774258345e-06
GMRE_US_EQ,2.603466092846294e-06
NRDS_US_EQ,2.591372049399609e-06
ALLT_US_EQ,2.5732305174568487e-06
LC_US_EQ,2.5679167875156457e-06
ASPN_US_EQ,2.5630147780877495e-06
PETS_US_EQ,2.5418496574878626e-06
KMDA_US_EQ,2.5418496574878626e-06
NOA_CA_EQ,2.5013979148543133e-06
ACTG_US_EQ,2.488158703521271e-06
BXSL_US_EQ,2.486038171399968e-06
OTEX_US_EQ,2.4707496393508225e-06
AZZ_US_EQ,2.463557690285034e-06
SJW_US_EQ,2.4624136893305088e-06
IBTA_US_EQ,2.457511485413974e-06
EVC_US_EQ,2.4537542548951584e-06
INTR_US_EQ,2.4477070775809045e-06
CLSK_US_EQ,2.446972513321257e-06
FBK_US_EQ,2.4363457424504432e-06
BANF_US_EQ,2.4333216092251282e-06
MGA_US_EQ,2.4286685696299536e-06
ARAY_US_EQ,2.425396983583299e-06
PAY_US_EQ,2.413258756583342e-06
ORGO_US_EQ,2.4091340668999467e-06
WS_US_EQ,2.404965504845101e-06
ORC_US_EQ,2.3868239729023407e-06
CGNT_US_EQ,2.3849453576429327e-06
GBDC_US_EQ,2.3791355448962464e-06
PRAA_US_EQ,2.3735842558988377e-06
SABR_US_EQ,2.3701879452136158e-06
CAPR_US_EQ,2.370090247029032e-06
CSTM_US_EQ,2.3610789587115787e-06
JOE_US_EQ,2.3596104302609126e-06
PDM_US_EQ,2.356587425069702e-06
SSYS_US_EQ,2.353564497673947e-06
PSTL_US_EQ,2.302897132364482e-06
ACU_US_EQ,2.290802777735975e-06
TRTX_US_EQ,2.2866342156811292e-06
HRTG_US_EQ,2.277563449709749e-06
TATT_US_EQ,2.259421917766989e-06
BSET_US_EQ,2.259421917766989e-06
QURE_US_EQ,2.249217366175609e-06
WASH_US_EQ,2.2480611661024436e-06
KFRC_US_EQ,2.2474595735439797e-06
IIPR_US_EQ,2.2352316526008655e-06
BDN_US_EQ,2.230535525746341e-06
PEB_US_EQ,2.209898320025683e-06
ARCB_US_EQ,2.2094731159146268e-06
NBBK_US_EQ,2.207609579059805e-06
OLPX_US_EQ,2.205730963800397e-06
BASE_US_EQ,2.2034410170049598e-06
ALT_US_EQ,2.190152857734983e-06
QTRX_US_EQ,2.1886780696529187e-06
FC_CA_EQ,2.186444458459918e-06
YORW_US_EQ,2.1713262039924627e-06
VRTS_US_EQ,2.1671574474489784e-06
UIS_US_EQ,2.164134364462312e-06
VERV_US_EQ,2.1615052153279927e-06
RXT_US_EQ,2.1429692438624252e-06
IAS_US_EQ,2.1395206981178565e-06
SHIP_US_EQ,2.133898477891045e-06
IX_US_EQ,2.1149359915325708e-06
RELL_US_EQ,2.1085647952363128e-06
WGO_US_EQ,2.101372255547063e-06
STNE_US_EQ,2.0986713661928732e-06
AEHR_US_EQ,2.0986135034117017e-06
SION_US_EQ,2.0949177345193233e-06
REAX_US_EQ,2.0790625505267347e-06
HSIC_US_EQ,2.0783132078968154e-06
CAR_US_EQ,2.066556436487193e-06
PRTA_US_EQ,2.0658232225005087e-06
GAMB_US_EQ,2.063944607241101e-06
ZIMV_US_EQ,2.0578974299268477e-06
TERN_US_EQ,2.054873841269721e-06
RES_US_EQ,2.0536358316311346e-06
EXK_US_EQ,2.0410595967281356e-06
LOCO_US_EQ,2.0386109245863684e-06
SKYT_US_EQ,2.0352621903815368e-06
FTRE_US_EQ,2.033899836020441e-06
DK_US_EQ,2.0049400400264893e-06
TGLS_US_EQ,1.995458020314535e-06
UNFI_US_EQ,1.9879428591178043e-06
SHEN_US_EQ,1.986064593937946e-06
FBRT_US_EQ,1.9777278199078045e-06
UNIT_US_EQ,1.9708148104148716e-06
AVIR_US_EQ,1.9577076727056363e-06
ITOS_US_EQ,1.923303224079524e-06
RIGL_US_EQ,1.897969541424791e-06
JYNT_US_EQ,1.8919223641105377e-06
KLIC_US_EQ,1.8907764960650808e-06
GTE_US_EQ,1.8828515981391575e-06
NABL_US_EQ,1.8817066247414387e-06
STOK_US_EQ,1.874848855633076e-06
TGI_US_EQ,1.8745136960749117e-06
FSK_US_EQ,1.8715773393326792e-06
CCRN_US_EQ,1.871490846474612e-06
GAU_CA_EQ,1.8514707381701716e-06
STRT_US_EQ,1.8514707381701716e-06
KEQU_US_EQ,1.8514707381701716e-06
CHCT_US_EQ,1.8442782762763774e-06
IE_US_EQ,1.8418463168618306e-06
SOUN_US_EQ,1.8234357771839716e-06
BLFS_US_EQ,1.8133817310992644e-06
CRCT_US_EQ,1.8038269615178332e-06
NTCT_US_EQ,1.7996139436256217e-06
RYI_US_EQ,1.7936111832510064e-06
VSTS_US_EQ,1.7887090182321997e-06
SEMR_US_EQ,1.7784932788631007e-06
TCBX_US_EQ,1.775469690205974e-06
SCL_US_EQ,1.773179198842348e-06
SIGA_US_EQ,1.7694225128917206e-06
FIGS_US_EQ,1.7622303621797483e-06
HSAI_US_EQ,1.7573281582632138e-06
METC_US_EQ,1.7471124188941148e-06
BFA_US_EQ,1.7463782324642373e-06
PHIN_US_EQ,1.7444702066100292e-06
KROS_US_EQ,1.7358945007560901e-06
ONTF_US_EQ,1.735018064265608e-06
XHR_US_EQ,1.7331382042789123e-06
IIIN_US_EQ,1.727825680167269e-06
ISSC_US_EQ,1.7259472982942278e-06
PSNL_US_EQ,1.7259472982942278e-06
IMXI_US_EQ,1.7187551475822555e-06
MITT_US_EQ,1.7157315589251288e-06
RLX_US_EQ,1.714198010577234e-06
ARCT_US_EQ,1.7131023708930811e-06
ONL_US_EQ,1.7006136156394953e-06
BGS_US_EQ,1.6992190039901383e-06
ETON_US_EQ,1.6945664383252417e-06
SIMO_US_EQ,1.691777837390172e-06
CRMT_US_EQ,1.6783035216418895e-06
BJRI_US_EQ,1.675279582905213e-06
NLOP_US_EQ,1.6590170163014103e-06
HI_US_EQ,1.6518242043280664e-06
IMP_CA_EQ,1.6447194800196273e-06
IHRT_US_EQ,1.6430616892206305e-06
ORIC_US_EQ,1.6407932112211417e-06
TRUE_US_EQ,1.6378518957015232e-06
CC_US_EQ,1.632420726667111e-06
EYPT_US_EQ,1.6307638134172264e-06
MNMD_US_EQ,1.6247660087142667e-06
UCTT_US_EQ,1.6185648846905836e-06
NAVI_US_EQ,1.6174197557019537e-06
CDXS_US_EQ,1.6007357613577143e-06
NAT_US_EQ,1.5992788850205652e-06
ACIC_US_EQ,1.5871845303920581e-06
DFH_US_EQ,1.5739452023658326e-06
DEA_US_EQ,1.5667091792824102e-06
ATKR_US_EQ,1.5644629881652394e-06
DCBO_US_EQ,1.560159374241576e-06
NHTC_US_EQ,1.537662138480312e-06
THRY_US_EQ,1.536517165082593e-06
NG_US_EQ,1.5264000542428984e-06
FG_US_EQ,1.5142070710849874e-06
LOB_US_EQ,1.5060544568124867e-06
CGEN_US_EQ,1.5039650452207443e-06
ACMR_US_EQ,1.5017013071249953e-06
